{
  "$ref": "#/definitions/blog",
  "definitions": {
    "blog": {
      "type": "object",
      "properties": {
        "title": {
          "type": "string"
        },
        "pubDate": {
          "anyOf": [
            {
              "type": "string",
              "format": "date-time"
            },
            {
              "type": "string",
              "format": "date"
            },
            {
              "type": "integer",
              "format": "unix-time"
            }
          ]
        },
        "author": {
          "type": "string"
        },
        "authImage": {
          "type": "string"
        },
        "image": {
          "type": "string"
        },
        "tags": {
          "type": "array",
          "items": {
            "type": "string"
          }
        },
        "summary": {
          "type": "string"
        },
        "type": {
          "type": "string",
          "enum": [
            "Article",
            "Tutorial"
          ]
        },
        "$schema": {
          "type": "string"
        }
      },
      "required": [
        "title",
        "pubDate",
        "author",
        "authImage",
        "image",
        "tags",
        "summary",
        "type"
      ],
      "additionalProperties": false
    }
  },
  "$schema": "http://json-schema.org/draft-07/schema#"
}