[["Map",1,2,9,10],"meta::meta",["Map",3,4,5,6,7,8],"astro-version","5.10.1","content-config-digest","f4d470bb0904482b","astro-config-digest","{\"root\":{},\"srcDir\":{},\"publicDir\":{},\"outDir\":{},\"cacheDir\":{},\"site\":\"https://gawaksh007.github.io\",\"compressHTML\":true,\"base\":\"/\",\"trailingSlash\":\"ignore\",\"output\":\"static\",\"scopedStyleStrategy\":\"attribute\",\"build\":{\"format\":\"directory\",\"client\":{},\"server\":{},\"assets\":\"_astro\",\"serverEntry\":\"entry.mjs\",\"redirects\":true,\"inlineStylesheets\":\"auto\",\"concurrency\":1},\"server\":{\"open\":false,\"host\":false,\"port\":4321,\"streaming\":true,\"allowedHosts\":[]},\"redirects\":{},\"image\":{\"endpoint\":{\"route\":\"/_image\"},\"service\":{\"entrypoint\":\"astro/assets/services/sharp\",\"config\":{}},\"domains\":[],\"remotePatterns\":[],\"responsiveStyles\":false},\"devToolbar\":{\"enabled\":true},\"markdown\":{\"syntaxHighlight\":{\"type\":\"shiki\",\"excludeLangs\":[\"math\"]},\"shikiConfig\":{\"langs\":[],\"langAlias\":{},\"theme\":\"github-dark\",\"themes\":{},\"wrap\":false,\"transformers\":[]},\"remarkPlugins\":[],\"rehypePlugins\":[],\"remarkRehype\":{},\"gfm\":true,\"smartypants\":true},\"security\":{\"checkOrigin\":true},\"env\":{\"schema\":{},\"validateSecrets\":false},\"experimental\":{\"clientPrerender\":false,\"contentIntellisense\":false,\"headingIdCompat\":false,\"preserveScriptOrder\":false,\"liveContentCollections\":false,\"csp\":false},\"legacy\":{\"collections\":false}}","blog",["Map",11,12,38,39,66,67,121,122,175,176],"how-to-quickly-deploy-a-static-website",{"id":11,"data":13,"body":24,"filePath":25,"digest":26,"rendered":27,"legacyId":37},{"title":14,"pubDate":15,"author":16,"authImage":17,"image":18,"tags":19,"summary":22,"type":23},"How to quickly deploy a static website",["Date","2024-01-20T00:00:00.000Z"],"Jese Leos","https://flowbite.s3.amazonaws.com/blocks/marketing-ui/avatars/jese-leos.png","image1.png",[20,21],"tech","hardware","Static websites are now used to bootstrap lots of websites and are becoming the basis for a variety of tools that even influence both web designers and developers influence both web designers and developers.","Tutorial","Static websites are now used to bootstrap lots of websites and are becoming the basis for a variety of tools that even influence both web designers and developers influence both web designers and developers. Static websites are now used to bootstrap lots of websites and are becoming the basis for a variety of tools that even influence both web designers and developers influence both web designers and developers. Static websites are now used to bootstrap lots of websites and are becoming the basis for a variety of tools that even influence both web designers and developers influence both web designers and developers. Static websites are now used to bootstrap lots of websites and are becoming the basis for a variety of tools that even influence both web designers and developers influence both web designers and developers. Static websites are now used to bootstrap lots of websites and are becoming the basis for a variety of tools that even influence both web designers and developers influence both web designers and developers.","src/content/blog/How to quickly deploy a static website.md","22855a65d9f8b819",{"html":28,"metadata":29},"\u003Cp>Static websites are now used to bootstrap lots of websites and are becoming the basis for a variety of tools that even influence both web designers and developers influence both web designers and developers. Static websites are now used to bootstrap lots of websites and are becoming the basis for a variety of tools that even influence both web designers and developers influence both web designers and developers. Static websites are now used to bootstrap lots of websites and are becoming the basis for a variety of tools that even influence both web designers and developers influence both web designers and developers. Static websites are now used to bootstrap lots of websites and are becoming the basis for a variety of tools that even influence both web designers and developers influence both web designers and developers. Static websites are now used to bootstrap lots of websites and are becoming the basis for a variety of tools that even influence both web designers and developers influence both web designers and developers.\u003C/p>",{"headings":30,"localImagePaths":31,"remoteImagePaths":32,"frontmatter":33,"imagePaths":36},[],[],[],{"title":14,"pubDate":34,"author":16,"authImage":17,"image":18,"tags":35,"slug":11,"summary":22,"type":23},["Date","2024-01-20T00:00:00.000Z"],[20,21],[],"How to quickly deploy a static website.md","capturing-lifes-moments-with-canon-excellence",{"id":38,"data":40,"body":51,"filePath":52,"digest":53,"rendered":54,"legacyId":65},{"title":41,"pubDate":42,"author":43,"authImage":44,"image":45,"tags":46,"summary":49,"type":50},"Capturing Life's Moments with Canon Excellence",["Date","2024-01-15T00:00:00.000Z"],"Bonnie Green","https://flowbite.s3.amazonaws.com/blocks/marketing-ui/avatars/bonnie-green.png","image4.png",[47,48,20],"photography","canon","Canon has been a symbol of excellence in the world of photography for decades. In 2024, Canon continues to lead the way in innovation...","Article","For photographers and enthusiasts alike, Canon has been a symbol of excellence in the world of photography...","src/content/blog/cannon-excellence.md","4160fa930a994a99",{"html":55,"metadata":56},"\u003Cp>For photographers and enthusiasts alike, Canon has been a symbol of excellence in the world of photography…\u003C/p>",{"headings":57,"localImagePaths":58,"remoteImagePaths":59,"frontmatter":60,"imagePaths":64},[],[],[],{"layout":61,"title":41,"pubDate":62,"author":43,"authImage":44,"image":45,"tags":63,"slug":38,"summary":49,"type":50},"../../layouts/BlogPostLayout.astro",["Date","2024-01-15T00:00:00.000Z"],[47,48,20],[],"cannon-excellence.md","guardian-of-the-digital-realm-web-security",{"id":66,"data":68,"body":76,"filePath":77,"digest":78,"rendered":79,"legacyId":120},{"title":69,"pubDate":70,"author":16,"authImage":17,"image":71,"tags":72,"summary":75,"type":23},"Guardian of the Digital Realm: Web Security",["Date","2024-01-14T00:00:00.000Z"],"image2.png",[73,74,20],"code","security","In today's interconnected world, where data breaches and cyber threats are on the rise, web security has become paramount. As the guardians of the digital realm...","In today's interconnected world, where data breaches and cyber threats are on the rise, web security has become paramount. As the guardians of the digital realm, it's our responsibility to protect sensitive information, maintain user trust, and ensure the integrity of online systems. Let's dive into the world of web security and explore the key principles that every developer should embrace.\n\n## **1. Authentication and Authorization**\n\n**Authentication** is the process of verifying the identity of users or systems accessing your web applications. Implement strong authentication mechanisms, such as multi-factor authentication (MFA), to prevent unauthorized access.\n\n**Authorization**, on the other hand, determines what actions authenticated users are allowed to perform. Employ role-based access control (RBAC) and least privilege principles to ensure users have only the necessary permissions.\n\n## **2. Data Encryption**\n\nEncrypt sensitive data both at rest and in transit. Use protocols like HTTPS to secure data during transmission and employ strong encryption algorithms to protect data stored on servers. Regularly update encryption methods to stay ahead of emerging threats.\n\n## **3. Input Validation and Sanitization**\n\nAlways validate and sanitize user inputs to prevent SQL injection, cross-site scripting (XSS), and other injection attacks. Implement server-side validation and use libraries that offer protection against common vulnerabilities.\n\n## **4. Patch Management**\n\nStay vigilant about software and framework updates. Vulnerabilities often arise from outdated components. Establish a patch management process to apply security patches promptly and regularly.\n\n## **5. Security Headers**\n\nUtilize security headers in your web applications to mitigate common web attacks. Headers like Content Security Policy (CSP), X-Content-Type-Options, and X-Frame-Options can add an extra layer of protection against cross-site scripting and clickjacking attacks.\n\n## **6. Web Application Firewall (WAF)**\n\nConsider implementing a Web Application Firewall (WAF) to filter and monitor incoming traffic. A WAF can help identify and block malicious requests before they reach your application.\n\n## **7. Security Testing**\n\nRegularly conduct security assessments, including penetration testing and code reviews, to identify and address vulnerabilities. Automated scanning tools can also help discover potential issues.\n\n## **8. Logging and Monitoring**\n\nMaintain comprehensive logs of application activities and set up real-time monitoring. Monitoring allows you to detect and respond to security incidents promptly.\n\n## **9. User Education**\n\nEducate your users about best security practices, such as creating strong passwords, recognizing phishing attempts, and staying vigilant online. Informed users are your allies in the battle against cyber threats.\n\n## **10. Incident Response Plan**\n\nPrepare for the worst-case scenario with a well-defined incident response plan. This plan should outline the steps to take when a security breach occurs, minimizing damage and downtime.\n\nAs developers and stewards of the digital realm, our commitment to web security is not optional; it's a necessity. By following these principles and staying informed about emerging threats, we can safeguard the digital world and protect the trust of users and organizations alike. Let's remain vigilant in our role as guardians of web security.","src/content/blog/guardian-of-the-digital-realm.md","2a870a106d8c6334",{"html":80,"metadata":81},"\u003Cp>In today’s interconnected world, where data breaches and cyber threats are on the rise, web security has become paramount. As the guardians of the digital realm, it’s our responsibility to protect sensitive information, maintain user trust, and ensure the integrity of online systems. Let’s dive into the world of web security and explore the key principles that every developer should embrace.\u003C/p>\n\u003Ch2 id=\"1-authentication-and-authorization\">\u003Cstrong>1. Authentication and Authorization\u003C/strong>\u003C/h2>\n\u003Cp>\u003Cstrong>Authentication\u003C/strong> is the process of verifying the identity of users or systems accessing your web applications. Implement strong authentication mechanisms, such as multi-factor authentication (MFA), to prevent unauthorized access.\u003C/p>\n\u003Cp>\u003Cstrong>Authorization\u003C/strong>, on the other hand, determines what actions authenticated users are allowed to perform. Employ role-based access control (RBAC) and least privilege principles to ensure users have only the necessary permissions.\u003C/p>\n\u003Ch2 id=\"2-data-encryption\">\u003Cstrong>2. Data Encryption\u003C/strong>\u003C/h2>\n\u003Cp>Encrypt sensitive data both at rest and in transit. Use protocols like HTTPS to secure data during transmission and employ strong encryption algorithms to protect data stored on servers. Regularly update encryption methods to stay ahead of emerging threats.\u003C/p>\n\u003Ch2 id=\"3-input-validation-and-sanitization\">\u003Cstrong>3. Input Validation and Sanitization\u003C/strong>\u003C/h2>\n\u003Cp>Always validate and sanitize user inputs to prevent SQL injection, cross-site scripting (XSS), and other injection attacks. Implement server-side validation and use libraries that offer protection against common vulnerabilities.\u003C/p>\n\u003Ch2 id=\"4-patch-management\">\u003Cstrong>4. Patch Management\u003C/strong>\u003C/h2>\n\u003Cp>Stay vigilant about software and framework updates. Vulnerabilities often arise from outdated components. Establish a patch management process to apply security patches promptly and regularly.\u003C/p>\n\u003Ch2 id=\"5-security-headers\">\u003Cstrong>5. Security Headers\u003C/strong>\u003C/h2>\n\u003Cp>Utilize security headers in your web applications to mitigate common web attacks. Headers like Content Security Policy (CSP), X-Content-Type-Options, and X-Frame-Options can add an extra layer of protection against cross-site scripting and clickjacking attacks.\u003C/p>\n\u003Ch2 id=\"6-web-application-firewall-waf\">\u003Cstrong>6. Web Application Firewall (WAF)\u003C/strong>\u003C/h2>\n\u003Cp>Consider implementing a Web Application Firewall (WAF) to filter and monitor incoming traffic. A WAF can help identify and block malicious requests before they reach your application.\u003C/p>\n\u003Ch2 id=\"7-security-testing\">\u003Cstrong>7. Security Testing\u003C/strong>\u003C/h2>\n\u003Cp>Regularly conduct security assessments, including penetration testing and code reviews, to identify and address vulnerabilities. Automated scanning tools can also help discover potential issues.\u003C/p>\n\u003Ch2 id=\"8-logging-and-monitoring\">\u003Cstrong>8. Logging and Monitoring\u003C/strong>\u003C/h2>\n\u003Cp>Maintain comprehensive logs of application activities and set up real-time monitoring. Monitoring allows you to detect and respond to security incidents promptly.\u003C/p>\n\u003Ch2 id=\"9-user-education\">\u003Cstrong>9. User Education\u003C/strong>\u003C/h2>\n\u003Cp>Educate your users about best security practices, such as creating strong passwords, recognizing phishing attempts, and staying vigilant online. Informed users are your allies in the battle against cyber threats.\u003C/p>\n\u003Ch2 id=\"10-incident-response-plan\">\u003Cstrong>10. Incident Response Plan\u003C/strong>\u003C/h2>\n\u003Cp>Prepare for the worst-case scenario with a well-defined incident response plan. This plan should outline the steps to take when a security breach occurs, minimizing damage and downtime.\u003C/p>\n\u003Cp>As developers and stewards of the digital realm, our commitment to web security is not optional; it’s a necessity. By following these principles and staying informed about emerging threats, we can safeguard the digital world and protect the trust of users and organizations alike. Let’s remain vigilant in our role as guardians of web security.\u003C/p>",{"headings":82,"localImagePaths":114,"remoteImagePaths":115,"frontmatter":116,"imagePaths":119},[83,87,90,93,96,99,102,105,108,111],{"depth":84,"slug":85,"text":86},2,"1-authentication-and-authorization","1. Authentication and Authorization",{"depth":84,"slug":88,"text":89},"2-data-encryption","2. Data Encryption",{"depth":84,"slug":91,"text":92},"3-input-validation-and-sanitization","3. Input Validation and Sanitization",{"depth":84,"slug":94,"text":95},"4-patch-management","4. Patch Management",{"depth":84,"slug":97,"text":98},"5-security-headers","5. Security Headers",{"depth":84,"slug":100,"text":101},"6-web-application-firewall-waf","6. Web Application Firewall (WAF)",{"depth":84,"slug":103,"text":104},"7-security-testing","7. Security Testing",{"depth":84,"slug":106,"text":107},"8-logging-and-monitoring","8. Logging and Monitoring",{"depth":84,"slug":109,"text":110},"9-user-education","9. User Education",{"depth":84,"slug":112,"text":113},"10-incident-response-plan","10. Incident Response Plan",[],[],{"title":69,"pubDate":117,"author":16,"authImage":17,"image":71,"tags":118,"slug":66,"summary":75,"type":23},["Date","2024-01-14T00:00:00.000Z"],[73,74,20],[],"guardian-of-the-digital-realm.md","unleash-creativity-with-these-cutting-edge-tablets",{"id":121,"data":123,"body":131,"filePath":132,"digest":133,"rendered":134,"legacyId":174},{"title":124,"pubDate":125,"author":43,"authImage":44,"image":126,"tags":127,"summary":130,"type":50},"Unleash Creativity With These Cutting-Edge Tablets",["Date","2024-01-14T00:00:00.000Z"],"image5.png",[128,129],"tablets","gadgets","In the world of digital creativity, tablets have become indispensable tools for artists, designers, and anyone seeking to unleash their artistic potential.","In the world of digital creativity, tablets have become indispensable tools for artists, designers, and anyone seeking to unleash their artistic potential. In 2024, the market is brimming with cutting-edge tablets that offer new dimensions of creativity. Let's dive into the exciting realm of tablet technology and discover the tools that can help you bring your artistic visions to life.\n\n## **1. Remarkable Displays**\n\nCutting-edge tablets feature remarkable displays with high resolutions, wide color gamuts, and exceptional brightness. Whether you're illustrating, editing photos, or 3D modeling, these displays provide true-to-life visuals and precise color accuracy.\n\n## **2. Powerful Processing Power**\n\nThe heart of a cutting-edge tablet is its processing power. With advanced processors and ample RAM, these tablets can handle resource-intensive tasks like rendering, video editing, and complex digital painting with ease.\n\n## **3. Innovative Stylus Technology**\n\nStylus technology has evolved significantly. Cutting-edge tablets come with styluses that offer precise control, pressure sensitivity, and low latency. They mimic the feel of traditional drawing and provide an intuitive creative experience.\n\n## **4. Versatile Software Compatibility**\n\nThese tablets are compatible with a wide range of creative software, from industry-standard programs like Adobe Creative Cloud to specialized apps for digital art, animation, and 3D modeling. You have the flexibility to choose the tools that suit your creative needs.\n\n## **5. 3D Modeling and Sculpting**\n\nFor those in the 3D modeling and sculpting realm, cutting-edge tablets support powerful applications that allow you to sculpt, texture, and animate your creations in a tactile and immersive way.\n\n## **6. Digital Painting and Illustration**\n\nArtists can explore a vast canvas of possibilities with digital painting and illustration. Cutting-edge tablets offer natural brush strokes, layers, and a variety of brushes to achieve stunning artistic results.\n\n## **7. Photo and Video Editing**\n\nPhotographers and videographers benefit from advanced tablets for on-the-go editing. High-resolution screens and touch-based controls make editing a breeze, whether you're enhancing photos or cutting video footage.\n\n## **8. Portability and Connectivity**\n\nCutting-edge tablets are designed for portability, making them ideal for creatives on the move. They offer a range of connectivity options, including USB-C, Bluetooth, and Wi-Fi, to streamline your workflow.\n\n## **9. Augmented Reality (AR)**\n\nSome cutting-edge tablets integrate augmented reality features, allowing artists to overlay digital creations onto the physical world, opening up new possibilities for interactive and immersive experiences.\n\n## **10. Cloud Integration**\n\nCloud integration ensures that your work is accessible from anywhere. You can sync your projects across devices and collaborate with others seamlessly.\n\nIn conclusion, if you're looking to unleash your creativity and take your digital artistry to new heights, cutting-edge tablets are your canvas. Their remarkable displays, powerful processing, and innovative stylus technology provide the tools you need to bring your creative visions to life. As we embark on the creative journey of 2024, explore the world of cutting-edge tablets and let your imagination soar.","src/content/blog/cutting-edge-tablets.md","6b88999a2b84a62f",{"html":135,"metadata":136},"\u003Cp>In the world of digital creativity, tablets have become indispensable tools for artists, designers, and anyone seeking to unleash their artistic potential. In 2024, the market is brimming with cutting-edge tablets that offer new dimensions of creativity. Let’s dive into the exciting realm of tablet technology and discover the tools that can help you bring your artistic visions to life.\u003C/p>\n\u003Ch2 id=\"1-remarkable-displays\">\u003Cstrong>1. Remarkable Displays\u003C/strong>\u003C/h2>\n\u003Cp>Cutting-edge tablets feature remarkable displays with high resolutions, wide color gamuts, and exceptional brightness. Whether you’re illustrating, editing photos, or 3D modeling, these displays provide true-to-life visuals and precise color accuracy.\u003C/p>\n\u003Ch2 id=\"2-powerful-processing-power\">\u003Cstrong>2. Powerful Processing Power\u003C/strong>\u003C/h2>\n\u003Cp>The heart of a cutting-edge tablet is its processing power. With advanced processors and ample RAM, these tablets can handle resource-intensive tasks like rendering, video editing, and complex digital painting with ease.\u003C/p>\n\u003Ch2 id=\"3-innovative-stylus-technology\">\u003Cstrong>3. Innovative Stylus Technology\u003C/strong>\u003C/h2>\n\u003Cp>Stylus technology has evolved significantly. Cutting-edge tablets come with styluses that offer precise control, pressure sensitivity, and low latency. They mimic the feel of traditional drawing and provide an intuitive creative experience.\u003C/p>\n\u003Ch2 id=\"4-versatile-software-compatibility\">\u003Cstrong>4. Versatile Software Compatibility\u003C/strong>\u003C/h2>\n\u003Cp>These tablets are compatible with a wide range of creative software, from industry-standard programs like Adobe Creative Cloud to specialized apps for digital art, animation, and 3D modeling. You have the flexibility to choose the tools that suit your creative needs.\u003C/p>\n\u003Ch2 id=\"5-3d-modeling-and-sculpting\">\u003Cstrong>5. 3D Modeling and Sculpting\u003C/strong>\u003C/h2>\n\u003Cp>For those in the 3D modeling and sculpting realm, cutting-edge tablets support powerful applications that allow you to sculpt, texture, and animate your creations in a tactile and immersive way.\u003C/p>\n\u003Ch2 id=\"6-digital-painting-and-illustration\">\u003Cstrong>6. Digital Painting and Illustration\u003C/strong>\u003C/h2>\n\u003Cp>Artists can explore a vast canvas of possibilities with digital painting and illustration. Cutting-edge tablets offer natural brush strokes, layers, and a variety of brushes to achieve stunning artistic results.\u003C/p>\n\u003Ch2 id=\"7-photo-and-video-editing\">\u003Cstrong>7. Photo and Video Editing\u003C/strong>\u003C/h2>\n\u003Cp>Photographers and videographers benefit from advanced tablets for on-the-go editing. High-resolution screens and touch-based controls make editing a breeze, whether you’re enhancing photos or cutting video footage.\u003C/p>\n\u003Ch2 id=\"8-portability-and-connectivity\">\u003Cstrong>8. Portability and Connectivity\u003C/strong>\u003C/h2>\n\u003Cp>Cutting-edge tablets are designed for portability, making them ideal for creatives on the move. They offer a range of connectivity options, including USB-C, Bluetooth, and Wi-Fi, to streamline your workflow.\u003C/p>\n\u003Ch2 id=\"9-augmented-reality-ar\">\u003Cstrong>9. Augmented Reality (AR)\u003C/strong>\u003C/h2>\n\u003Cp>Some cutting-edge tablets integrate augmented reality features, allowing artists to overlay digital creations onto the physical world, opening up new possibilities for interactive and immersive experiences.\u003C/p>\n\u003Ch2 id=\"10-cloud-integration\">\u003Cstrong>10. Cloud Integration\u003C/strong>\u003C/h2>\n\u003Cp>Cloud integration ensures that your work is accessible from anywhere. You can sync your projects across devices and collaborate with others seamlessly.\u003C/p>\n\u003Cp>In conclusion, if you’re looking to unleash your creativity and take your digital artistry to new heights, cutting-edge tablets are your canvas. Their remarkable displays, powerful processing, and innovative stylus technology provide the tools you need to bring your creative visions to life. As we embark on the creative journey of 2024, explore the world of cutting-edge tablets and let your imagination soar.\u003C/p>",{"headings":137,"localImagePaths":168,"remoteImagePaths":169,"frontmatter":170,"imagePaths":173},[138,141,144,147,150,153,156,159,162,165],{"depth":84,"slug":139,"text":140},"1-remarkable-displays","1. Remarkable Displays",{"depth":84,"slug":142,"text":143},"2-powerful-processing-power","2. Powerful Processing Power",{"depth":84,"slug":145,"text":146},"3-innovative-stylus-technology","3. Innovative Stylus Technology",{"depth":84,"slug":148,"text":149},"4-versatile-software-compatibility","4. Versatile Software Compatibility",{"depth":84,"slug":151,"text":152},"5-3d-modeling-and-sculpting","5. 3D Modeling and Sculpting",{"depth":84,"slug":154,"text":155},"6-digital-painting-and-illustration","6. Digital Painting and Illustration",{"depth":84,"slug":157,"text":158},"7-photo-and-video-editing","7. Photo and Video Editing",{"depth":84,"slug":160,"text":161},"8-portability-and-connectivity","8. Portability and Connectivity",{"depth":84,"slug":163,"text":164},"9-augmented-reality-ar","9. Augmented Reality (AR)",{"depth":84,"slug":166,"text":167},"10-cloud-integration","10. Cloud Integration",[],[],{"title":124,"pubDate":171,"author":43,"authImage":44,"image":126,"tags":172,"slug":121,"summary":130,"type":50},["Date","2024-01-14T00:00:00.000Z"],[128,129],[],"cutting-edge-tablets.md","elevate-your-mobile-experience-with-samsung",{"id":175,"data":177,"body":185,"filePath":186,"digest":187,"rendered":188,"legacyId":228},{"title":178,"pubDate":179,"author":43,"authImage":44,"image":180,"tags":181,"summary":184,"type":50},"Our first project with Astro",["Date","2024-01-17T00:00:00.000Z"],"image3.png",[182,183,129],"samsung","smartphones","In the ever-evolving world of mobile technology, Samsung has consistently delivered cutting-edge devices that redefine the way we experience the digital world.","In the ever-evolving world of mobile technology, Samsung has consistently delivered cutting-edge devices that redefine the way we experience the digital world. If you're looking to elevate your mobile experience in 2024, here's why Samsung should be at the top of your list.\n\n## **1. Innovative Display Technology**\n\nSamsung's mobile devices are renowned for their stunning displays. With advancements in AMOLED and Dynamic AMOLED technology, Samsung offers vibrant colors, deep blacks, and sharp resolutions. Whether you're streaming videos, playing games, or working on productivity apps, the visual experience is unparalleled.\n\n## **2. Powerful Performance**\n\nSamsung equips its smartphones with powerful processors and ample RAM, ensuring smooth multitasking and efficient performance. Whether you're a mobile gamer, content creator, or business professional, Samsung devices can handle your tasks with ease.\n\n## **3. Impressive Camera Systems**\n\nCapture life's moments in stunning detail with Samsung's camera systems. From high-resolution main cameras to ultra-wide and telephoto lenses, Samsung devices provide versatile photography options. Features like AI enhancements and night mode deliver exceptional results in various lighting conditions.\n\n## **4. 5G Connectivity**\n\nStay at the forefront of connectivity with 5G-enabled Samsung devices. Enjoy lightning-fast download and upload speeds, low latency, and seamless streaming. Whether you're working remotely or enjoying online entertainment, 5G ensures a lag-free experience.\n\n## **5. Long-lasting Battery Life**\n\nSamsung understands the importance of battery life. Their devices come equipped with large batteries that can last all day. With optimizations for power efficiency and fast charging capabilities, you can stay connected without interruptions.\n\n## **6. Secure and User-Friendly**\n\nSamsung prioritizes security with features like Samsung Knox, ensuring your data is protected. Additionally, their user-friendly interface, One UI, offers a smooth and intuitive user experience.\n\n## **7. Ecosystem Integration**\n\nIf you're already part of the Samsung ecosystem, their devices seamlessly integrate with each other. Share content across devices, sync your data, and enjoy a cohesive digital experience.\n\n## **8. Ongoing Software Support**\n\nSamsung provides regular software updates and security patches to keep your device running smoothly and protected from potential vulnerabilities.\n\n## **9. Eco-Friendly Initiatives**\n\nSamsung is committed to sustainability. They strive to reduce their environmental footprint by using eco-friendly materials and implementing recycling programs.\n\n## **10. Wide Range of Options**\n\nSamsung offers a wide range of devices to cater to various needs and budgets. Whether you prefer flagship models or more budget-friendly options, there's a Samsung device for you.\n\nIn conclusion, if you're looking to elevate your mobile experience in 2024, Samsung should be your go-to choice. Their commitment to innovation, performance, and user satisfaction makes them a leader in the mobile technology industry. Explore the Samsung ecosystem and discover how it can enhance your digital lifestyle.","src/content/blog/elevate-your-mobile-experience.md","3924408d5b8fb568",{"html":189,"metadata":190},"\u003Cp>In the ever-evolving world of mobile technology, Samsung has consistently delivered cutting-edge devices that redefine the way we experience the digital world. If you’re looking to elevate your mobile experience in 2024, here’s why Samsung should be at the top of your list.\u003C/p>\n\u003Ch2 id=\"1-innovative-display-technology\">\u003Cstrong>1. Innovative Display Technology\u003C/strong>\u003C/h2>\n\u003Cp>Samsung’s mobile devices are renowned for their stunning displays. With advancements in AMOLED and Dynamic AMOLED technology, Samsung offers vibrant colors, deep blacks, and sharp resolutions. Whether you’re streaming videos, playing games, or working on productivity apps, the visual experience is unparalleled.\u003C/p>\n\u003Ch2 id=\"2-powerful-performance\">\u003Cstrong>2. Powerful Performance\u003C/strong>\u003C/h2>\n\u003Cp>Samsung equips its smartphones with powerful processors and ample RAM, ensuring smooth multitasking and efficient performance. Whether you’re a mobile gamer, content creator, or business professional, Samsung devices can handle your tasks with ease.\u003C/p>\n\u003Ch2 id=\"3-impressive-camera-systems\">\u003Cstrong>3. Impressive Camera Systems\u003C/strong>\u003C/h2>\n\u003Cp>Capture life’s moments in stunning detail with Samsung’s camera systems. From high-resolution main cameras to ultra-wide and telephoto lenses, Samsung devices provide versatile photography options. Features like AI enhancements and night mode deliver exceptional results in various lighting conditions.\u003C/p>\n\u003Ch2 id=\"4-5g-connectivity\">\u003Cstrong>4. 5G Connectivity\u003C/strong>\u003C/h2>\n\u003Cp>Stay at the forefront of connectivity with 5G-enabled Samsung devices. Enjoy lightning-fast download and upload speeds, low latency, and seamless streaming. Whether you’re working remotely or enjoying online entertainment, 5G ensures a lag-free experience.\u003C/p>\n\u003Ch2 id=\"5-long-lasting-battery-life\">\u003Cstrong>5. Long-lasting Battery Life\u003C/strong>\u003C/h2>\n\u003Cp>Samsung understands the importance of battery life. Their devices come equipped with large batteries that can last all day. With optimizations for power efficiency and fast charging capabilities, you can stay connected without interruptions.\u003C/p>\n\u003Ch2 id=\"6-secure-and-user-friendly\">\u003Cstrong>6. Secure and User-Friendly\u003C/strong>\u003C/h2>\n\u003Cp>Samsung prioritizes security with features like Samsung Knox, ensuring your data is protected. Additionally, their user-friendly interface, One UI, offers a smooth and intuitive user experience.\u003C/p>\n\u003Ch2 id=\"7-ecosystem-integration\">\u003Cstrong>7. Ecosystem Integration\u003C/strong>\u003C/h2>\n\u003Cp>If you’re already part of the Samsung ecosystem, their devices seamlessly integrate with each other. Share content across devices, sync your data, and enjoy a cohesive digital experience.\u003C/p>\n\u003Ch2 id=\"8-ongoing-software-support\">\u003Cstrong>8. Ongoing Software Support\u003C/strong>\u003C/h2>\n\u003Cp>Samsung provides regular software updates and security patches to keep your device running smoothly and protected from potential vulnerabilities.\u003C/p>\n\u003Ch2 id=\"9-eco-friendly-initiatives\">\u003Cstrong>9. Eco-Friendly Initiatives\u003C/strong>\u003C/h2>\n\u003Cp>Samsung is committed to sustainability. They strive to reduce their environmental footprint by using eco-friendly materials and implementing recycling programs.\u003C/p>\n\u003Ch2 id=\"10-wide-range-of-options\">\u003Cstrong>10. Wide Range of Options\u003C/strong>\u003C/h2>\n\u003Cp>Samsung offers a wide range of devices to cater to various needs and budgets. Whether you prefer flagship models or more budget-friendly options, there’s a Samsung device for you.\u003C/p>\n\u003Cp>In conclusion, if you’re looking to elevate your mobile experience in 2024, Samsung should be your go-to choice. Their commitment to innovation, performance, and user satisfaction makes them a leader in the mobile technology industry. Explore the Samsung ecosystem and discover how it can enhance your digital lifestyle.\u003C/p>",{"headings":191,"localImagePaths":222,"remoteImagePaths":223,"frontmatter":224,"imagePaths":227},[192,195,198,201,204,207,210,213,216,219],{"depth":84,"slug":193,"text":194},"1-innovative-display-technology","1. Innovative Display Technology",{"depth":84,"slug":196,"text":197},"2-powerful-performance","2. Powerful Performance",{"depth":84,"slug":199,"text":200},"3-impressive-camera-systems","3. Impressive Camera Systems",{"depth":84,"slug":202,"text":203},"4-5g-connectivity","4. 5G Connectivity",{"depth":84,"slug":205,"text":206},"5-long-lasting-battery-life","5. Long-lasting Battery Life",{"depth":84,"slug":208,"text":209},"6-secure-and-user-friendly","6. Secure and User-Friendly",{"depth":84,"slug":211,"text":212},"7-ecosystem-integration","7. Ecosystem Integration",{"depth":84,"slug":214,"text":215},"8-ongoing-software-support","8. Ongoing Software Support",{"depth":84,"slug":217,"text":218},"9-eco-friendly-initiatives","9. Eco-Friendly Initiatives",{"depth":84,"slug":220,"text":221},"10-wide-range-of-options","10. Wide Range of Options",[],[],{"title":178,"pubDate":225,"author":43,"authImage":44,"image":180,"tags":226,"slug":175,"summary":184,"type":50},["Date","2024-01-17T00:00:00.000Z"],[182,183,129],[],"elevate-your-mobile-experience.md"]